market,keyword,top10_median_rating_count,top10_under_1k,top10_released_2025_26,top3 (rating count)
CN,思维导图,38710,2,0,思维导图(38634); Xmind: AI 思维导图、头脑风暴(213247); 幕布 - 大纲笔记&思维导图(251065)
CN,脑图,38634,2,1,Xmind: AI 思维导图、头脑风暴(213247); 幕布 - 大纲笔记&思维导图(251065); 万兴脑图 - 思维导图(38710)
CN,语音笔记,4979,2,1,讯飞听见-AI录音转文字实时翻译(96710); 千问 - 阿里AI助手(313224); flomo浮墨笔记-AI语音备忘|卡片便签|日记(52403)
CN,语音备忘录,10604,4,2,语音备忘录(1038927); 语音备忘录 ・ 录音机(21); 备忘录(114460)
CN,AI笔记,27676,1,2,讯飞听见-AI录音转文字实时翻译(96710); 千问 - 阿里AI助手(313224); 得到大脑（原Get笔记）- AI记录与内容创作(1239)
CN,录音转文字,6599,1,2,讯飞听见-AI录音转文字实时翻译(96710); 录音专家-专业录音转文字助手(218382); 录音鸭-录音转文字&录音软件(2340)
CN,整理思路,4,9,7,ThinkSpace - AI思维整理(412); 寻简思维导图 - AI点燃创意 大纲笔记&手写笔(740); 拍照搜题 -Ai数学解题、思路解析、错题整理(17)
CN,理清思路,207,4,3,幕布 - 大纲笔记&思维导图(251065); MindForward: 消除内耗·理清思路(0); ThinkSpace - AI思维整理(412)
CN,思考,656,7,2,幕布 - 大纲笔记&思维导图(251065); ima - 腾讯AI知识管家(27676); 犬岛 - 记录与分享日常、思考、情绪、灵感、日记(524)
CN,表达能力,16,7,4,口才之翼-口才训练表达朗读复述训练(10); 一棵树逻辑表达(5); 赢在表达-高情商社交语言大师(23)
CN,口才训练,57,8,6,口才之翼-口才训练表达朗读复述训练(10); 天天练口才 - 口才训练神器(17); 朗诵演讲口才-各种稿件、音频教程、训练学习平台(299)
CN,演讲练习,13,9,6,天天练口才 - 口才训练神器(17); 口才练习 21 天(2); 朗诵演讲口才-各种稿件、音频教程、训练学习平台(299)
CN,面试练习,3,10,6,智蛙面试 - 公务员/事业单位上岸神器(102); 译妙蛙面试官- Vefrog(6); 面过啦｜专属AI面试陪练(4)
CN,汇报,85,7,2,工作日报周报生成器-汇报鸭(0); 蜂鸟汇报-【成交型】客户管理(2165); 句读 - 发现文字之美(26640)
CN,复盘,83,5,3,复盘盒子-超短打板好帮手(3679); 复盘：让进步发生(70); 反思日记(83)
CN,日记,265391,0,0,"iCity · 我的日记(324703); 吾记 - 日记本,记事本(376140); EMMO 日记 - 笔记情绪备忘录(265391)"
CN,AI日记,1811,5,2,心光 - AI 生活记录伴侣(12688); flomo浮墨笔记-AI语音备忘|卡片便签|日记(52403); aDiary - AI生活洞察日记(509)
CN,情绪日记,858,5,1,EMMO 日记 - 笔记情绪备忘录(265391); 心情日记-情绪管理、心理健康与认知行为疗法(858); Daylio 心情日记本 | 情绪树洞 | 习惯(4130)
CN,碎碎念,274,8,5,碎碎念 - 记下每个变化的念头(6); 光迹 - 一场与时间和情绪的对话(247); 心光 - AI 生活记录伴侣(12688)
CN,闪念胶囊,1139,4,3,闪念-AI语音笔记(634); 小想法-闪念胶囊备忘录记事语音高效极简(1161); 闪意胶囊(1118)
CN,灵感记录,9971,3,2,flomo浮墨笔记-AI语音备忘|卡片便签|日记(52403); iNote · 灵感笔记  - ideas No(33401); 闪念-AI语音笔记(634)
CN,头脑风暴,1616,4,0,Xmind: AI 思维导图、头脑风暴(213247); 幕布 - 大纲笔记&思维导图(251065); 头脑风暴:挑战时刻(3)
CN,做决定,8025,2,2,小决定 - 大转盘抽签选择器(423559); 小决定 - 帮你快速做决定(52211); 决定喵-选择困难症的幸运转盘、转一转完成随机抽签(27218)
CN,纠结,1097,5,2,小决定 - 大转盘抽签选择器(423559); 选择困难症-你的答案之书(1747); 决定喵-选择困难症的幸运转盘、转一转完成随机抽签(27218)
CN,内耗,10,8,7,askr: 消除内耗和焦虑(1); LuluCare: AI心理咨询|情感专家(204); Brain Lab - 前额叶训练(116)
CN,焦虑,4846,4,2,"Now冥想-正念冥想,助眠,睡眠监测,白噪音,H(36052); 蜗牛睡眠-睡眠监测,鼾声梦话记录,深度睡眠检测,(37718); 壹心理-15年专业心理咨询品牌(23816)"
CN,睡前,69515,2,0,"蜗牛睡眠-睡眠监测,鼾声梦话记录,深度睡眠检测,(37718); 喜马拉雅「听书社区」电台有声小说相声评书(4172641); 潮汐 - 睡眠监测、助眠冥想、梦话打鼾、白噪音、(151485)"
CN,待办清单,17037,0,0,极简待办:日程安排 计划清单 提醒事项管理 便签(116099); 桌面便签-日程计划清单、打卡备忘便利贴(16156); 滴答清单: 任务打卡日历番茄钟和时间管理提醒事项(148458)
CN,ADHD,144,7,5,ADHD Pal - A人专用，管理你的任务和想(82); Propel: ADHD多动症专注力记忆力训练益(172); Tiimo - 待办事项、日程管理、提醒事项(1495)
CN,专注,41888,0,2,番茄ToDo-极简高效自律番茄钟(939499); Forest 专注森林 - 番茄钟学习计时器(258385); 小鸡专注-番茄钟自律学习计时器极简治愈学霸必备(49479)
US,mind map,982,5,1,"SimpleMind - Mind Mappin(982); Xmind: AI Mind Map, Brai(6970); Mind Mapping(382)"
US,brainstorm,682,6,2,"Brainstorm Test: Tricky (7869); SimpleMind - Mind Mappin(982); Xmind: AI Mind Map, Brai(6970)"
US,voice notes,10695,2,1,Voice Memos(1094609); Voicenotes AI Notes & Me(7001); Otter Transcribe Voice N(81572)
US,voice journal,349,6,4,Untold - Voice Journal(2215); Journal(324738); Day One: Daily Journal &(118285)
US,brain dump,23,7,6,Brain Dump: AI Notes & W(63); To Do List MinimaList & (47758); Jot - Instant Brain Dump(45)
US,thinking partner,3,10,7,Kaleida: Thinking Partne(18); ideaShell:AI Thinking Pa(586); Voticle - AI Thinking Pa(3)
US,clear thinking,61,6,7,Lucid: Think Clearly(0); Unbiased: Think Clearly(0); Think Clearly Journal(0)
US,organize thoughts,24,9,4,SimpleMind - Mind Mappin(982); ThoughtDB(0); Life Lists Organizer: Al(1794)
US,overthinking,5,8,4,Distraxt: Stop Overthink(4); Stop Overthinking – Re(49); Mindway: Stop Overthinki(2014)
US,decision making,320,6,4,Tiny Decisions: Spin Whe(89594); Yes or No? Decision Make(0); IDK? Decision Maker(314)
US,public speaking,5730,2,3,Speeko: AI for Public Sp(4698); Wellspoken: Articulation(5730); Orai - Improve Public Sp(3694)
US,speech practice,2644,4,5,Speech Practice(0); Rehearse - Speech Practi(0); Vocal Image: Speaking Co(10394)
US,interview practice,13,8,6,Interviewer: AI Mock Pra(19); Speeko: AI for Public Sp(4698); Hired AI - Interview pre(53)
US,journal prompts,6904,3,1,solo. pen journaling com(6); Ink: Daily Journal Promp(11); Prompted Journal - Shado(6904)
US,ADHD planner,20160,3,2,Structured: Daily Planne(166501); Tiimo: To-Do List Planne(20160); ADHD Planner Organizer P(381)
US,talk to think,13,7,2,Mirror Talk-to-Think Jou(0); Micro Learning - SmartyM(56339); small-talks(7)
US,voice to text notes,66778,0,0,Otter Transcribe Voice N(81572); Transcribe - Speech to T(10840); Transcribe Audio to Text(3759)
US,AI journal,5113,2,1,Reflectly - Journal & AI(81686); Rosebud: AI Journal & Di(3297); stoic. journal & mental (35749)
US,reflection journal,8982,2,3,Reflectly - Journal & AI(81691); GraceNotes – Gratitude J(8982); Journal(324534)
US,second brain,1,8,6,"Second Brain - AI Assist(0); Obsidian - Connected Not(2722); Notion: Notes, Tasks, AI(90228)"
