market,keyword,results,top10_median_rating_count,top10_under_1k,top10_released_2025_26,top3 (rating count)
TW,心智圖,10,109,9,2,Xmind: AI 心智圖、腦力激盪(5713); SimpleMind - 思維導圖(132); GitMind：AI心智圖軟體(154)
TW,思維導圖,10,177,7,0,思維導圖(141); Xmind: AI 心智圖、腦力激盪(5713); 幕布 - 大纲笔记&思维导图(190)
TW,整理思緒,10,10,9,6,KUU：想太多的人專用AI語音筆記，幫你腦袋(89); Mymory - 療癒心靈的日記(5314); ThinkSpace - AI思緒整理(19)
TW,釐清思緒,2,0,2,2,Ducky：思考夥伴(0); 腦內會議(0)
TW,理清思路,4,10,4,2,ThinkSpace - AI思緒整理(19); 幕布 - 大纲笔记&思维导图(190); 每日決策：AI解惑與人生方向(1)
TW,語音筆記,9,295,6,3,雅婷逐字稿(5616); EaseNote：AI 語音筆記(0); 語音轉文字：AI逐字稿·錄音轉文字·語音備忘(2471)
TW,語音日記,9,15,8,4,Voxly: 語音日記．心情追蹤．AI分析(19); 語音日記 - 音頻日記(0); 低語 : 語音日記(15)
TW,AI日記,9,80,7,3,奇諾 AI日記 - 說話就能寫的可愛日記(7); Hushli 樹洞：陪你聊心情的 AI 日記(985); Mymory - 療癒心靈的日記(5314)
TW,情緒日記,10,1023,5,3,EMMO 日记 - 笔记情绪备忘录(10169); Mymory - 療癒心靈的日記(5314); Hushli 樹洞：陪你聊心情的 AI 日記(985)
TW,內耗,10,2,9,7,AI心理諮商·匿名樹洞: LuluCare(24); DearAura(1); PP4 - 感情、工作、生活都可以來問我(14)
TW,表達能力,10,0,10,8,SayNow AI：口語表達教練 - 演講&(1); 情緒：適合2 - 5歲兒童與小孩玩的幼兒啟蒙(0); 口才之翼-口才训练表达朗读复述训练(1)
TW,口才,10,0,10,3,"口才之翼-口才训练表达朗读复述训练(1); 智能口才大师-AI陪你练口才,高情商话术脱口(0); 口才练习 21 天(0)"
TW,碎碎念,0,0,0,0,
TW,靈感筆記,10,42,9,3,靈感筆記 · iNote - ideas N(643); 靈感筆記 - Markdown 筆記與 AI(0); 隨拾句－文字剪藏與靈感筆記(0)
TW,brain dump,10,0,8,6,Brain Dump: AI Notes &(1); KUU：想太多的人專用AI語音筆記，幫你腦袋(89); Jot - Instant Brain Du(1)
TW,thinking partner,9,0,8,6,閃念貝殼: 擁有記憶的 AI 思維夥伴(80); Slime – AI 思考夥伴(0); Voticle 語思 - 你的AI思考拍檔(0)
TW,mind map,9,132,7,2,Xmind: AI 心智圖、腦力激盪(5713); MindSpace - Mind Map(212); SimpleMind - 思維導圖(132)
TW,voice notes,8,3173,4,1,Voicenotes AI Notes & (82); Voice Notes : Voice to(2); 錄音機 Pro - 專業錄音程式(9803)
HK,思維導圖,10,49,8,0,思維導圖(175); Xmind: AI 心智圖、腦力激盪(1423); SimpleMind - 思維導圖(84)
HK,整理思緒,10,4,10,7,KUU：想太多的人專用AI語音筆記，幫你腦袋(8); ThinkSpace - AI思緒整理(7); Mymory - 療癒心靈的日記(218)
HK,理清思路,4,3,4,2,幕布 - 大纲笔记&思维导图(453); ThinkSpace - AI思緒整理(7); Ducky：思考夥伴(0)
HK,語音筆記,10,71,9,1,語音轉文字：AI逐字稿·錄音轉文字·語音備忘(801); 語音筆記(5); AI語音錄音機 - SoundNote(55)
HK,AI日記,8,408,6,2,Hushli 樹洞：陪你聊心情的 AI 日記(58); AI日記 & 心情樹洞 - hinoto(0); Mymory - 療癒心靈的日記(218)
HK,內耗,10,1,9,7,卡皮巴拉 Go!(4664); 問題盒子 - 清空大腦，告別內耗(2); AI心理諮商·匿名樹洞: LuluCare(0)
HK,表達能力,10,0,10,7,SayNow AI：口語表達教練 - 演講&(0); 知言鳥 WiseTalk(3); 口才练习 21 天(0)
HK,碎碎念,7,1,7,4,"声间-我的声音日记,碎碎念,闪念,情绪树洞(1); 海獺日記 - 照片日記·那年今日(7); mynd - 聊天式日記本 私密筆記備忘錄(7)"
HK,brain dump,10,0,9,7,Brain Dump：語音日誌(0); 錄音機，語音備忘錄: Braindump(0); KUU：想太多的人專用AI語音筆記，幫你腦袋(8)
HK,thinking partner,10,0,9,5,閃念貝殼: 擁有記憶的 AI 思維夥伴(49); Instagram(424578); Efimind: AI thinking p(0)
HK,mind map,10,57,8,0,Xmind: AI 心智圖、腦力激盪(1423); SimpleMind - 思維導圖(84); Prodrafts - Infinite N(1866)
HK,voice notes,9,165,6,1,Voicenotes AI Notes & (165); Voice Notes : Voice to(0); 語音備忘錄(37109)
SG,思维导图,9,34,8,0,"MindLine Mind Map(34); Xmind: AI Mind Map, Br(390); 幕布 - 大纲笔记&思维导图(43)"
SG,整理思路,9,0,9,6,ThinkSpace - Mind Map (5); 拍照搜题 -Ai数学解题、思路解析、错题整理(0); SuperMind: Mind Mappin(0)
SG,语音笔记,9,5,8,0,得到大脑（原Get笔记）- AI记录与内容创(3); 讯飞笔记-专注于语音笔记管理的备忘录云笔记(1); Notebook: AI Notes & T(668)
SG,brain dump,10,0,8,6,Brain Dump: AI Notes &(1); BrainDump: Voice Tasks(0); To Do List - MinimaLis(1030)
SG,thinking partner,10,0,9,6,ideaShell: AI Thinking(14); Kaleida: Thinking Part(0); Voticle - AI Thinking (0)
SG,organize thoughts,8,0,8,4,Idea Think: Thought Or(0); Mindscope - Thought Or(0); Thoughts: Quote Organi(3)
SG,mind map,10,30,9,0,"SimpleMind - Mind Mapp(41); Xmind: AI Mind Map, Br(390); Mind Map Maker - Mindo(47)"
SG,voice notes,9,828,5,0,Voicenotes AI Notes & (384); Voice Memos(14714); Otter Transcribe Voice(1595)
SG,voice journal,0,0,0,0,
MY,思维导图,9,4,9,1,MindLine Mind Map(46); 幕布 - 大纲笔记&思维导图(47); ProcessOn思维导图 - 在线流程图(1)
MY,整理思路,9,0,9,6,拍照搜题 -Ai数学解题、思路解析、错题整理(0); SuperMind: Mind Mappin(3); Ink Note - Simple & Pe(0)
MY,语音笔记,8,8,8,0,得到大脑（原Get笔记）- AI记录与内容创(5); flomo浮墨-极简卡片笔记、轻便签与日记备(35); 迅云笔记 -  Recording to T(11)
MY,brain dump,10,0,9,6,Brain Dump: AI Notes &(0); Brain Dump & Clarify(0); Jot - Instant Brain Du(0)
MY,thinking partner,9,0,9,6,ideaShell: AI Thinking(16); Ask Dx by Docquity(43); Efimind: AI thinking p(0)
MY,mind map,10,40,10,0,"Xmind: AI Mind Map, Br(595); SimpleMind - Mind Mapp(63); Mind Map Maker - Mindo(74)"
MY,voice notes,10,478,8,1,Voicenotes AI Notes & (750); Voice Memos(22742); Voice Notes : Voice to(0)
